type,numObs,numShips,meanVoyage,sdVoyage,numVoyage,time_diff_sd,time_diff_q75,time_diff_mean,dist_diff_sd,dist_diff_q,dist_diff_mean,len_seconds_q75
drifting_longlines,13968727,110,,,,40765.597798330724,471.0,1056.3346366358244,313.40138965078455,0.8539456212783296,9.446196247043915,1004237.25
fixed_gear,1559137,36,,,,62270.3052577845,949.0,2632.6651063657837,131.40858143297342,2.3870438710916924,6.283202829765292,59068.5
pole_and_line,161315,6,,,,98964.96905635513,934.0,4214.252378974515,65.7819059682893,3.218836274621071,6.540794289674609,419159.0
purse_seines,1545323,28,,,,65276.22524583091,936.0,2283.6206167754376,71.84348434815166,2.23197493716932,4.46222993495508,42636.5
trawlers,4369101,49,,,,40071.461972142664,898.0,1506.333006336386,122.44532140046033,1.7854321871684558,4.047752029713179,152376.25
trollers,166243,5,,,,169116.42634376494,1079.0,3364.846653593041,15.835505070774214,0.19305747947858581,0.6169059406589036,1658.0
unknown,6811552,120,,,,66564.10313853563,898.0,1927.9822452899773,75.99052205902805,1.605262272047035,3.9328840514621963,114721.0
